Method,Outlier Approach,Train Pos,Train Neg,Test Pos,Test Neg,Label Mismatch (%),PRODES-F Mismatch (%),PRODES-NF Mismatch (%),Train Bal. Acc.,Train F1,Train Precision,Train Recall,Test Bal. Acc.,Test F1,Test Precision,Test Recall,Test Sensitivity,Test Specificity
PRODES-based,N/A,900,900,4769,50833,N/A,N/A,N/A,0.9567 ± 0.0153,0.9559 ± 0.0158,0.9725 ± 0.0148,0.9400 ± 0.0221,0.9495 ± 0.0007,0.7881 ± 0.0029,0.6779 ± 0.0042,0.9410 ± 0.0011,0.9410 ± 0.0011,0.9581 ± 0.0008
Campaign-based,With Outliers,709,1068,4769,50833,10.1,0.6,19.8,0.9223 ± 0.0145,0.9078 ± 0.0169,0.9194 ± 0.0197,0.8970 ± 0.0262,0.9225 ± 0.0019,0.8287 ± 0.0013,0.7946 ± 0.0048,0.8660 ± 0.0045,0.8660 ± 0.0045,0.9790 ± 0.0007
Campaign-based,Perc. Task,725,1047,4769,50833,9.0,0.4,17.7,0.9225 ± 0.0096,0.9096 ± 0.0101,0.9237 ± 0.0112,0.8966 ± 0.0258,0.9207 ± 0.0018,0.8193 ± 0.0038,0.7786 ± 0.0049,0.8644 ± 0.0033,0.8644 ± 0.0033,0.9769 ± 0.0006
Campaign-based,Perc. Global,711,1050,4769,50833,9.0,0.4,18.0,0.9253 ± 0.0133,0.9122 ± 0.0152,0.9251 ± 0.0166,0.9002 ± 0.0253,0.9189 ± 0.0045,0.8222 ± 0.0058,0.7881 ± 0.0048,0.8594 ± 0.0089,0.8594 ± 0.0089,0.9783 ± 0.0006
Campaign-based,Tukey,706,1053,4769,50833,9.5,0.7,18.7,0.9233 ± 0.0110,0.9096 ± 0.0130,0.9218 ± 0.0165,0.8980 ± 0.0200,0.9288 ± 0.0014,0.8360 ± 0.0024,0.7975 ± 0.0046,0.8785 ± 0.0031,0.8785 ± 0.0031,0.9791 ± 0.0006
Campaign-based,Z-Score,718,1065,4769,50833,9.9,0.7,19.4,0.9229 ± 0.0158,0.9091 ± 0.0194,0.9206 ± 0.0263,0.8983 ± 0.0205,0.9263 ± 0.0037,0.8325 ± 0.0048,0.7951 ± 0.0082,0.8736 ± 0.0078,0.8736 ± 0.0078,0.9789 ± 0.0011
Campaign-based,MAD,710,1057,4769,50833,9.6,0.7,18.9,0.9256 ± 0.0147,0.9123 ± 0.0174,0.9237 ± 0.0184,0.9014 ± 0.0240,0.9279 ± 0.0008,0.8353 ± 0.0022,0.7976 ± 0.0044,0.8767 ± 0.0019,0.8767 ± 0.0019,0.9791 ± 0.0006
Campaign + Median Entropy,With Outliers,267,691,4769,50833,10.1,0.6,19.8,0.9981 ± 0.0037,0.9981 ± 0.0037,1.0000 ± 0.0000,0.9963 ± 0.0074,0.9223 ± 0.0023,0.8355 ± 0.0055,0.8090 ± 0.0080,0.8638 ± 0.0040,0.8638 ± 0.0040,0.9809 ± 0.0009
Campaign + Median Entropy,Perc. Task,260,657,4769,50833,9.0,0.4,17.7,0.9962 ± 0.0047,0.9961 ± 0.0048,1.0000 ± 0.0000,0.9923 ± 0.0094,0.9171 ± 0.0047,0.8306 ± 0.0042,0.8093 ± 0.0020,0.8530 ± 0.0098,0.8530 ± 0.0098,0.9811 ± 0.0004
Campaign + Median Entropy,Perc. Global,254,653,4769,50833,9.0,0.4,18.0,0.9945 ± 0.0054,0.9922 ± 0.0073,0.9922 ± 0.0095,0.9922 ± 0.0096,0.9218 ± 0.0064,0.8371 ± 0.0061,0.8137 ± 0.0101,0.8621 ± 0.0137,0.8621 ± 0.0137,0.9815 ± 0.0014
Campaign + Median Entropy,Tukey,260,651,4769,50833,9.5,0.7,18.7,0.9992 ± 0.0015,0.9981 ± 0.0038,0.9962 ± 0.0075,1.0000 ± 0.0000,0.9214 ± 0.0024,0.8240 ± 0.0024,0.7869 ± 0.0010,0.8647 ± 0.0049,0.8647 ± 0.0049,0.9780 ± 0.0002
Campaign + Median Entropy,Z-Score,255,671,4769,50833,9.9,0.7,19.4,0.9980 ± 0.0039,0.9980 ± 0.0040,1.0000 ± 0.0000,0.9961 ± 0.0078,0.9218 ± 0.0007,0.8322 ± 0.0021,0.8032 ± 0.0041,0.8634 ± 0.0016,0.8634 ± 0.0016,0.9802 ± 0.0005
Campaign + Median Entropy,MAD,278,677,4769,50833,9.6,0.7,18.9,0.9993 ± 0.0015,0.9982 ± 0.0035,0.9965 ± 0.0070,1.0000 ± 0.0000,0.9227 ± 0.0061,0.8276 ± 0.0063,0.7919 ± 0.0020,0.8668 ± 0.0123,0.8668 ± 0.0123,0.9786 ± 0.0003
Random Undersample,With Outliers,267,267,4769,50833,10.1,0.6,19.8,0.9944 ± 0.0075,0.9944 ± 0.0075,0.9926 ± 0.0091,0.9962 ± 0.0075,0.9293 ± 0.0053,0.8280 ± 0.0078,0.7805 ± 0.0138,0.8818 ± 0.0113,0.8818 ± 0.0113,0.9767 ± 0.0020
Random Undersample,Perc. Task,260,260,4769,50833,9.0,0.4,17.7,0.9981 ± 0.0038,0.9981 ± 0.0039,1.0000 ± 0.0000,0.9962 ± 0.0077,0.9414 ± 0.0025,0.8368 ± 0.0064,0.7767 ± 0.0141,0.9073 ± 0.0066,0.9073 ± 0.0066,0.9755 ± 0.0022
Random Undersample,Perc. Global,254,254,4769,50833,9.0,0.4,18.0,0.9980 ± 0.0040,0.9980 ± 0.0040,1.0000 ± 0.0000,0.9960 ± 0.0080,0.9428 ± 0.0019,0.8405 ± 0.0066,0.7815 ± 0.0151,0.9095 ± 0.0058,0.9095 ± 0.0058,0.9761 ± 0.0023
Random Undersample,Tukey,260,260,4769,50833,9.5,0.7,18.7,1.0000 ± 0.0000,1.0000 ± 0.0000,1.0000 ± 0.0000,1.0000 ± 0.0000,0.9258 ± 0.0043,0.8242 ± 0.0033,0.7792 ± 0.0044,0.8749 ± 0.0091,0.8749 ± 0.0091,0.9767 ± 0.0008
Random Undersample,Z-Score,255,255,4769,50833,9.9,0.7,19.4,0.9980 ± 0.0039,0.9980 ± 0.0040,1.0000 ± 0.0000,0.9961 ± 0.0078,0.9328 ± 0.0022,0.8376 ± 0.0058,0.7932 ± 0.0091,0.8873 ± 0.0041,0.8873 ± 0.0041,0.9783 ± 0.0012
Random Undersample,MAD,278,278,4769,50833,9.6,0.7,18.9,1.0000 ± 0.0000,1.0000 ± 0.0000,1.0000 ± 0.0000,1.0000 ± 0.0000,0.9281 ± 0.0042,0.8278 ± 0.0086,0.7820 ± 0.0108,0.8792 ± 0.0075,0.8792 ± 0.0075,0.9770 ± 0.0014
Ascending Entropy Undersample,With Outliers,267,267,4769,50833,10.1,0.6,19.8,0.9981 ± 0.0038,0.9981 ± 0.0038,1.0000 ± 0.0000,0.9962 ± 0.0075,0.9418 ± 0.0016,0.8282 ± 0.0116,0.7597 ± 0.0206,0.9108 ± 0.0035,0.9108 ± 0.0035,0.9729 ± 0.0031
Ascending Entropy Undersample,Perc. Task,260,260,4769,50833,9.0,0.4,17.7,0.9981 ± 0.0038,0.9981 ± 0.0039,1.0000 ± 0.0000,0.9962 ± 0.0077,0.9412 ± 0.0019,0.8344 ± 0.0046,0.7723 ± 0.0094,0.9075 ± 0.0045,0.9075 ± 0.0045,0.9749 ± 0.0014
Ascending Entropy Undersample,Perc. Global,254,254,4769,50833,9.0,0.4,18.0,0.9961 ± 0.0048,0.9960 ± 0.0049,1.0000 ± 0.0000,0.9922 ± 0.0096,0.9403 ± 0.0029,0.8366 ± 0.0093,0.7781 ± 0.0164,0.9048 ± 0.0060,0.9048 ± 0.0060,0.9757 ± 0.0024
Ascending Entropy Undersample,Tukey,260,260,4769,50833,9.5,0.7,18.7,1.0000 ± 0.0000,1.0000 ± 0.0000,1.0000 ± 0.0000,1.0000 ± 0.0000,0.9346 ± 0.0046,0.8129 ± 0.0130,0.7423 ± 0.0174,0.8985 ± 0.0070,0.8985 ± 0.0070,0.9707 ± 0.0025
Ascending Entropy Undersample,Z-Score,255,255,4769,50833,9.9,0.7,19.4,0.9980 ± 0.0039,0.9980 ± 0.0040,1.0000 ± 0.0000,0.9961 ± 0.0078,0.9377 ± 0.0039,0.8220 ± 0.0049,0.7544 ± 0.0089,0.9030 ± 0.0087,0.9030 ± 0.0087,0.9724 ± 0.0015
Ascending Entropy Undersample,MAD,278,278,4769,50833,9.6,0.7,18.9,1.0000 ± 0.0000,1.0000 ± 0.0000,1.0000 ± 0.0000,1.0000 ± 0.0000,0.9379 ± 0.0029,0.8200 ± 0.0063,0.7504 ± 0.0128,0.9040 ± 0.0071,0.9040 ± 0.0071,0.9718 ± 0.0021
Descending Entropy Undersample,With Outliers,267,267,4769,50833,10.1,0.6,19.8,0.9981 ± 0.0037,0.9981 ± 0.0037,1.0000 ± 0.0000,0.9963 ± 0.0074,0.9434 ± 0.0030,0.8261 ± 0.0066,0.7532 ± 0.0120,0.9149 ± 0.0067,0.9149 ± 0.0067,0.9718 ± 0.0019
Descending Entropy Undersample,Perc. Task,260,260,4769,50833,9.0,0.4,17.7,0.9962 ± 0.0077,0.9961 ± 0.0078,1.0000 ± 0.0000,0.9923 ± 0.0154,0.9402 ± 0.0033,0.8314 ± 0.0087,0.7684 ± 0.0187,0.9060 ± 0.0084,0.9060 ± 0.0084,0.9743 ± 0.0029
Descending Entropy Undersample,Perc. Global,254,254,4769,50833,9.0,0.4,18.0,0.9961 ± 0.0078,0.9960 ± 0.0080,1.0000 ± 0.0000,0.9922 ± 0.0157,0.9407 ± 0.0033,0.8358 ± 0.0103,0.7760 ± 0.0170,0.9059 ± 0.0063,0.9059 ± 0.0063,0.9754 ± 0.0025
Descending Entropy Undersample,Tukey,260,260,4769,50833,9.5,0.7,18.7,1.0000 ± 0.0000,1.0000 ± 0.0000,1.0000 ± 0.0000,1.0000 ± 0.0000,0.9352 ± 0.0033,0.8154 ± 0.0119,0.7461 ± 0.0186,0.8991 ± 0.0052,0.8991 ± 0.0052,0.9712 ± 0.0027
Descending Entropy Undersample,Z-Score,255,255,4769,50833,9.9,0.7,19.4,0.9980 ± 0.0039,0.9980 ± 0.0040,1.0000 ± 0.0000,0.9961 ± 0.0078,0.9390 ± 0.0034,0.8265 ± 0.0035,0.7607 ± 0.0059,0.9048 ± 0.0073,0.9048 ± 0.0073,0.9733 ± 0.0010
Descending Entropy Undersample,MAD,278,278,4769,50833,9.6,0.7,18.9,1.0000 ± 0.0000,1.0000 ± 0.0000,1.0000 ± 0.0000,1.0000 ± 0.0000,0.9364 ± 0.0028,0.8211 ± 0.0080,0.7549 ± 0.0140,0.9003 ± 0.0061,0.9003 ± 0.0061,0.9725 ± 0.0022
GNI,With Outliers,691,691,4769,50833,10.1,0.6,19.8,0.9971 ± 0.0027,0.9971 ± 0.0027,0.9986 ± 0.0029,0.9957 ± 0.0058,0.9239 ± 0.0019,0.8256 ± 0.0030,0.7854 ± 0.0044,0.8700 ± 0.0038,0.8700 ± 0.0038,0.9777 ± 0.0006
GNI,Perc. Task,657,657,4769,50833,9.0,0.4,17.7,0.9954 ± 0.0056,0.9954 ± 0.0057,0.9970 ± 0.0037,0.9939 ± 0.0122,0.9262 ± 0.0036,0.8267 ± 0.0049,0.7837 ± 0.0119,0.8751 ± 0.0085,0.8751 ± 0.0085,0.9773 ± 0.0017
GNI,Perc. Global,653,653,4769,50833,9.0,0.4,18.0,0.9946 ± 0.0039,0.9946 ± 0.0039,0.9970 ± 0.0060,0.9923 ± 0.0084,0.9302 ± 0.0038,0.8309 ± 0.0065,0.7848 ± 0.0142,0.8831 ± 0.0088,0.8831 ± 0.0088,0.9772 ± 0.0021
GNI,Tukey,651,651,4769,50833,9.5,0.7,18.7,0.9977 ± 0.0031,0.9977 ± 0.0031,1.0000 ± 0.0000,0.9954 ± 0.0061,0.9236 ± 0.0024,0.8212 ± 0.0081,0.7772 ± 0.0137,0.8707 ± 0.0043,0.8707 ± 0.0043,0.9766 ± 0.0019
GNI,Z-Score,671,671,4769,50833,9.9,0.7,19.4,0.9978 ± 0.0030,0.9978 ± 0.0030,0.9985 ± 0.0030,0.9970 ± 0.0037,0.9266 ± 0.0010,0.8223 ± 0.0035,0.7738 ± 0.0071,0.8773 ± 0.0025,0.8773 ± 0.0025,0.9759 ± 0.0010
GNI,MAD,677,677,4769,50833,9.6,0.7,18.9,0.9963 ± 0.0040,0.9963 ± 0.0040,0.9985 ± 0.0030,0.9941 ± 0.0055,0.9246 ± 0.0022,0.8129 ± 0.0036,0.7588 ± 0.0034,0.8752 ± 0.0041,0.8752 ± 0.0041,0.9739 ± 0.0004
SMOTE,With Outliers,691,691,4769,50833,10.1,0.6,19.8,0.9986 ± 0.0018,0.9986 ± 0.0018,0.9986 ± 0.0029,0.9986 ± 0.0029,0.9235 ± 0.0020,0.8390 ± 0.0026,0.8140 ± 0.0026,0.8656 ± 0.0041,0.8656 ± 0.0041,0.9814 ± 0.0003
SMOTE,Perc. Task,657,657,4769,50833,9.0,0.4,17.7,0.9977 ± 0.0019,0.9977 ± 0.0019,0.9985 ± 0.0030,0.9969 ± 0.0037,0.9186 ± 0.0045,0.8314 ± 0.0025,0.8081 ± 0.0048,0.8563 ± 0.0098,0.8563 ± 0.0098,0.9809 ± 0.0008
SMOTE,Perc. Global,653,653,4769,50833,9.0,0.4,18.0,0.9962 ± 0.0024,0.9962 ± 0.0025,0.9955 ± 0.0037,0.9969 ± 0.0062,0.9223 ± 0.0069,0.8352 ± 0.0055,0.8086 ± 0.0042,0.8638 ± 0.0145,0.8638 ± 0.0145,0.9808 ± 0.0008
SMOTE,Tukey,651,651,4769,50833,9.5,0.7,18.7,1.0000 ± 0.0000,1.0000 ± 0.0000,1.0000 ± 0.0000,1.0000 ± 0.0000,0.9216 ± 0.0021,0.8222 ± 0.0106,0.7829 ± 0.0186,0.8659 ± 0.0032,0.8659 ± 0.0032,0.9774 ± 0.0025
SMOTE,Z-Score,671,671,4769,50833,9.9,0.7,19.4,0.9985 ± 0.0018,0.9985 ± 0.0018,0.9985 ± 0.0030,0.9985 ± 0.0030,0.9250 ± 0.0017,0.8370 ± 0.0041,0.8067 ± 0.0059,0.8696 ± 0.0030,0.8696 ± 0.0030,0.9805 ± 0.0007
SMOTE,MAD,677,677,4769,50833,9.6,0.7,18.9,0.9993 ± 0.0015,0.9993 ± 0.0015,0.9985 ± 0.0029,1.0000 ± 0.0000,0.9241 ± 0.0024,0.8302 ± 0.0040,0.7944 ± 0.0038,0.8694 ± 0.0046,0.8694 ± 0.0046,0.9789 ± 0.0004
ADASYN,With Outliers,680,691,4769,50833,10.1,0.6,19.8,0.9993 ± 0.0014,0.9993 ± 0.0015,0.9985 ± 0.0029,1.0000 ± 0.0000,0.9303 ± 0.0017,0.8467 ± 0.0021,0.8166 ± 0.0044,0.8792 ± 0.0037,0.8792 ± 0.0037,0.9815 ± 0.0006
ADASYN,Perc. Task,637,657,4769,50833,9.0,0.4,17.7,0.9985 ± 0.0019,0.9984 ± 0.0019,0.9969 ± 0.0038,1.0000 ± 0.0000,0.9268 ± 0.0052,0.8379 ± 0.0044,0.8051 ± 0.0017,0.8735 ± 0.0107,0.8735 ± 0.0107,0.9802 ± 0.0004
ADASYN,Perc. Global,661,653,4769,50833,9.0,0.4,18.0,0.9969 ± 0.0029,0.9970 ± 0.0028,0.9940 ± 0.0056,1.0000 ± 0.0000,0.9311 ± 0.0051,0.8407 ± 0.0041,0.8027 ± 0.0037,0.8825 ± 0.0107,0.8825 ± 0.0107,0.9796 ± 0.0006
ADASYN,Tukey,645,651,4769,50833,9.5,0.7,18.7,0.9992 ± 0.0015,0.9992 ± 0.0015,0.9985 ± 0.0031,1.0000 ± 0.0000,0.9229 ± 0.0037,0.8222 ± 0.0108,0.7804 ± 0.0153,0.8688 ± 0.0056,0.8688 ± 0.0056,0.9770 ± 0.0019
ADASYN,Z-Score,678,671,4769,50833,9.9,0.7,19.4,0.9993 ± 0.0015,0.9993 ± 0.0015,0.9985 ± 0.0029,1.0000 ± 0.0000,0.9267 ± 0.0025,0.8363 ± 0.0032,0.8021 ± 0.0087,0.8736 ± 0.0060,0.8736 ± 0.0060,0.9798 ± 0.0012
ADASYN,MAD,686,677,4769,50833,9.6,0.7,18.9,0.9993 ± 0.0015,0.9993 ± 0.0014,0.9986 ± 0.0029,1.0000 ± 0.0000,0.9239 ± 0.0021,0.8280 ± 0.0035,0.7904 ± 0.0052,0.8694 ± 0.0043,0.8694 ± 0.0043,0.9784 ± 0.0007
